{
  "Anthropic": {
    "claude-sonnet-4-5-20250929": {
      "latency": 3.2440441131591795,
      "latency_std": 0.1312631177088746,
      "latency_samples": [
        3.2904858589172363,
        3.2259552478790283,
        3.2180542945861816,
        3.0391621589660645,
        3.4465630054473877
      ],
      "input_tokens": 1286,
      "output_tokens": 87
    },
    "claude-haiku-4-5-20251001": {
      "latency": 1.2745311260223389,
      "latency_std": 0.19315377895286465,
      "latency_samples": [
        1.3805031776428223,
        1.1123089790344238,
        1.607306957244873,
        1.1328907012939453,
        1.1396458148956299
      ],
      "input_tokens": 1286,
      "output_tokens": 80
    }
  },
  "OpenRouter": {
    "openai/gpt-4o-mini": {
      "latency": 1.686763381958008,
      "latency_std": 0.30372514402871986,
      "latency_samples": [
        2.184640884399414,
        1.8480491638183594,
        1.428157091140747,
        1.6283466815948486,
        1.34462308883667
      ],
      "input_tokens": 14918,
      "output_tokens": 31
    },
    "google/gemini-3-flash-preview": {
      "latency": 1.9214801788330078,
      "latency_std": 0.22232172935319072,
      "latency_samples": [
        1.8295080661773682,
        1.7357230186462402,
        2.2827117443084717,
        1.692384958267212,
        2.067073106765747
      ],
      "input_tokens": 1899,
      "output_tokens": 72
    },
    "google/gemini-2.5-flash": {
      "latency": 1.4699326992034911,
      "latency_std": 0.17521913855069118,
      "latency_samples": [
        1.665328025817871,
        1.4347360134124756,
        1.680516004562378,
        1.3069653511047363,
        1.2621181011199951
      ],
      "input_tokens": 2125,
      "output_tokens": 53
    },
    "google/gemini-2.5-flash-lite": {
      "latency": 1.279464054107666,
      "latency_std": 0.20361599842016595,
      "latency_samples": [
        1.2062351703643799,
        1.0354080200195312,
        1.234015941619873,
        1.2678041458129883,
        1.6538569927215576
      ],
      "input_tokens": 2125,
      "output_tokens": 41
    },
    "google/gemini-2.0-flash-exp:free": {
      "latency": 1.6128668785095215,
      "latency_std": 0.316317081451416,
      "latency_samples": [
        1.2965497970581055,
        1.9291839599609375
      ],
      "input_tokens": 2125,
      "output_tokens": 37
    },
    "anthropic/claude-3.5-haiku": {
      "latency": 3.678245449066162,
      "latency_std": 0.5964637674536041,
      "latency_samples": [
        4.011924982070923,
        4.374360084533691,
        2.8526060581207275,
        3.08606219291687,
        4.066273927688599
      ],
      "input_tokens": 1304,
      "output_tokens": 64
    },
    "anthropic/claude-3.5-sonnet": {
      "latency": 3.4118887186050415,
      "latency_std": 0.22995356961641208,
      "latency_samples": [
        3.0771851539611816,
        3.7054431438446045,
        3.5114166736602783,
        3.3535099029541016
      ],
      "input_tokens": 1286,
      "output_tokens": 83
    },
    "qwen/qwen-2-vl-7b-instruct": {
      "latency": 0.9894588947296142,
      "latency_std": 0.24450712808957178,
      "latency_samples": [
        0.7432620525360107,
        1.4441421031951904,
        1.015172004699707,
        0.9140911102294922,
        0.8306272029876709
      ],
      "input_tokens": 771,
      "output_tokens": 31
    },
    "qwen/qwen-2.5-omni-7b": null,
    "qwen/qwen-2.5-vl-7b-instruct:free": null,
    "qwen/qwen2.5-vl-3b-instruct": null,
    "qwen/qwen3-vl-8b-instruct": {
      "latency": 1.4401991367340088,
      "latency_std": 0.8087459433681728,
      "latency_samples": [
        1.5205419063568115,
        0.7093198299407959,
        2.8653178215026855,
        0.606389045715332,
        1.499427080154419
      ],
      "input_tokens": 1761,
      "output_tokens": 21
    },
    "qwen/qwen3-vl-30b-a3b-instruct": {
      "latency": 1.405845832824707,
      "latency_std": 0.7843499789947144,
      "latency_samples": [
        1.2102437019348145,
        0.772590160369873,
        2.9490833282470703,
        1.0490849018096924,
        1.048227071762085
      ],
      "input_tokens": 1062,
      "output_tokens": 41
    },
    "meta-llama/llama-3.2-11b-vision-instruct": {
      "latency": 13.883458948135376,
      "latency_std": 10.94026638120201,
      "latency_samples": [
        9.387053966522217,
        5.2144927978515625,
        8.285033941268921,
        11.106078147888184,
        35.424635887145996
      ],
      "input_tokens": 3957,
      "output_tokens": 65
    },
    "meta-llama/llama-3.1-8b-instruct": null,
    "microsoft/phi-4-multimodal-instruct": {
      "latency": 1.1530694961547852,
      "latency_std": 0.144819152554237,
      "latency_samples": [
        1.092707872390747,
        1.12624192237854,
        0.9696948528289795,
        1.1653249263763428,
        1.4113779067993164
      ],
      "input_tokens": 1103,
      "output_tokens": 40
    },
    "mistralai/pixtral-12b-2409": null,
    "allenai/molmo-2-8b:free": {
      "latency": 0.655417013168335,
      "latency_std": 0.047644750649581,
      "latency_samples": [
        0.6407721042633057,
        0.6984071731567383,
        0.7227540016174316,
        0.5982038974761963,
        0.6169478893280029
      ],
      "input_tokens": 1513,
      "output_tokens": 12
    }
  },
  "OpenAI": {
    "gpt-4o": {
      "latency": 2.136759090423584,
      "latency_std": 0.49295640001374674,
      "latency_samples": [
        2.9983420372009277,
        2.0633270740509033,
        1.5444390773773193,
        2.2594051361083984,
        1.818282127380371
      ],
      "input_tokens": 1156,
      "output_tokens": 40
    },
    "gpt-4o-mini-2024-07-18": {
      "latency": 1.1027728915214539,
      "latency_std": 0.12264590994813841,
      "latency_samples": [
        1.2696630954742432,
        1.072192668914795,
        0.9295217990875244,
        1.139714002609253
      ],
      "input_tokens": 14898,
      "output_tokens": 25
    },
    "gpt-5.2-2025-12-11": {
      "latency": 1.5199997425079346,
      "latency_std": 0.056281020102352336,
      "latency_samples": [
        1.542219877243042,
        1.5434749126434326,
        1.5454721450805664,
        1.5606119632720947,
        1.408219814300537
      ],
      "input_tokens": 1091,
      "output_tokens": 33
    },
    "gpt-5-nano-2025-08-07": {
      "latency": 8.591604423522949,
      "latency_std": 1.463366900923305,
      "latency_samples": [
        6.873672008514404,
        10.466612100601196,
        6.869295120239258,
        9.530649900436401,
        9.217792987823486
      ],
      "input_tokens": 1181,
      "output_tokens": 740
    },
    "gpt-5-mini-2025-08-07": {
      "latency": 6.752465343475341,
      "latency_std": 2.1628411872270443,
      "latency_samples": [
        5.440485954284668,
        6.849825859069824,
        5.4910969734191895,
        5.074782848358154,
        10.906135082244873
      ],
      "input_tokens": 1091,
      "output_tokens": 283
    },
    "gpt-4.1-nano-2025-04-14": {
      "latency": 0.9823419570922851,
      "latency_std": 0.1283383843506127,
      "latency_samples": [
        0.8829410076141357,
        1.0318379402160645,
        1.2106528282165527,
        0.8616499900817871,
        0.9246280193328857
      ],
      "input_tokens": 1470,
      "output_tokens": 30
    }
  },
  "Google": {
    "gemini-3-flash-preview": {
      "latency": 7.209002685546875,
      "latency_std": 1.9789711746122325,
      "latency_samples": [
        6.913812875747681,
        6.70494270324707,
        9.388684034347534,
        9.120383977890015,
        3.917189836502075
      ],
      "input_tokens": 1877,
      "output_tokens": 55
    },
    "gemini-2.5-flash": {
      "latency": 2.0548126697540283,
      "latency_std": 0.4757105254089053,